,train_loss,train_beta_loss,train_rec,val1_loss,val1_beta_loss,val1_rec,val2_loss,val2_beta_loss,val2_rec
0,187.71038156063,187.71038156063,189.52984320457946,145.57034721374512,145.57034721374512,145.26094398498535,142.72462196350097,142.72462196350097,145.80557022094726
1,134.65780188377866,134.65780188377866,130.4915737720246,125.40621910095214,125.40621910095214,118.71699371337891,122.1718770980835,122.1718770980835,117.98699970245362
2,120.41374183817112,120.41374183817112,111.9922543464823,114.62396221160888,114.62396221160888,104.51612453460693,112.444331741333,112.444331741333,104.40895404815674
3,113.26417473326337,113.26417473326337,102.3247844290226,109.43420963287353,109.43420963287353,97.64479866027833,106.92321720123292,106.92321720123292,97.40257987976074
4,109.23697691572474,109.23697691572474,96.92537358060797,106.83376197814941,106.83376197814941,93.73066387176513,104.6323673248291,104.6323673248291,93.54405307769775
5,106.55778214474942,106.55778214474942,93.34785825039478,104.30921173095703,104.30921173095703,90.64993743896484,102.32505550384522,102.32505550384522,90.62757511138916
6,104.68868638708237,104.68868638708237,90.87825749174077,103.19457111358642,103.19457111358642,89.3012149810791,101.21740531921387,101.21740531921387,89.20163078308106
7,103.32685368314702,103.32685368314702,89.03918554427776,102.07522811889649,102.07522811889649,87.20026321411133,100.32829780578614,100.32829780578614,87.609645652771
8,102.06877269339054,102.06877269339054,87.32548617099194,101.09353179931641,101.09353179931641,86.76947784423828,98.9387020111084,98.9387020111084,86.60401668548585
9,101.20710390780835,101.20710390780835,86.06060524798454,100.22327461242676,100.22327461242676,85.17278804779053,98.01528606414794,98.01528606414794,84.96123600006104
10,100.41709899902344,100.41709899902344,85.11313645383144,99.64437065124511,99.64437065124511,84.18413124084472,97.5805648803711,97.5805648803711,84.0061773300171
11,99.64352300116356,99.64352300116356,84.13247135243518,98.8075340270996,98.8075340270996,82.96883563995361,96.8383882522583,96.8383882522583,82.88643379211426
12,99.0488627007667,99.0488627007667,83.30247364450008,98.34439830780029,98.34439830780029,82.03759956359863,96.64690837860107,96.64690837860107,82.30972938537597
13,98.53853487055352,98.53853487055352,82.61502269988364,97.70429630279541,97.70429630279541,81.3434024810791,95.88242034912109,95.88242034912109,81.47703075408936
14,98.09607391357422,98.09607391357422,82.0312214952834,97.42964916229248,97.42964916229248,80.79952907562256,95.67038345336914,95.67038345336914,80.98338165283204
15,97.7014021203873,97.7014021203873,81.53461745241854,97.16640033721924,97.16640033721924,80.74645080566407,95.34783821105957,95.34783821105957,81.04154243469239
16,97.31763328389918,97.31763328389918,81.0513517988489,97.26398258209228,97.26398258209228,81.61827754974365,95.0204050064087,95.0204050064087,81.25899486541748
17,97.01966020300033,97.01966020300033,80.65794323860331,96.61774616241455,96.61774616241455,80.33966102600098,94.51664924621582,94.51664924621582,79.81666622161865
18,96.70990847323803,96.70990847323803,80.30086566032247,96.01415309906005,96.01415309906005,79.24649333953857,94.56323757171631,94.56323757171631,79.46075344085693
19,96.42034090732007,96.42034090732007,79.91778973518534,96.20968570709229,96.20968570709229,79.6184097290039,94.41193771362305,94.41193771362305,79.7627763748169
20,96.15954271681765,96.15954271681765,79.57353395502618,95.84815883636475,95.84815883636475,79.05038414001464,93.68199062347412,93.68199062347412,78.44408721923828
21,95.98416738307222,95.98416738307222,79.38988829267785,95.73309173583985,95.73309173583985,79.48458652496338,93.89472389221191,93.89472389221191,79.3218786239624
22,95.74692275676321,95.74692275676321,79.05862157294091,95.47046909332275,95.47046909332275,78.66823272705078,93.70868873596191,93.70868873596191,78.63440551757813
23,95.56092629939951,95.56092629939951,78.885601319658,95.10579452514648,95.10579452514648,78.52572402954101,93.7259693145752,93.7259693145752,78.83777828216553
24,95.27651347708195,95.27651347708195,78.47570709877826,95.25059490203857,95.25059490203857,78.37563762664794,93.13577098846436,93.13577098846436,78.06625881195069
25,95.14967092960438,95.14967092960438,78.34790217622798,95.2797170639038,95.2797170639038,78.559596824646,93.27002029418945,93.27002029418945,78.43218383789062
26,95.00623026097074,95.00623026097074,78.1514407868081,94.83585357666016,94.83585357666016,78.70978164672852,93.02669868469238,93.02669868469238,78.56737518310547
27,94.8586320593002,94.8586320593002,78.00350851505361,94.61070346832275,94.61070346832275,77.28862953186035,92.88728790283203,92.88728790283203,77.47228946685792
28,94.74210386884974,94.74210386884974,77.7474331470246,94.61546154022217,94.61546154022217,77.82522563934326,92.9063570022583,92.9063570022583,78.12684345245361
29,94.5540527019095,94.5540527019095,77.51443510664271,94.44648380279541,94.44648380279541,77.97961769104003,92.84405727386475,92.84405727386475,78.2021598815918
30,94.52042015562667,94.52042015562667,77.63096388147233,94.33641624450684,94.33641624450684,77.82650146484374,92.32386322021485,92.32386322021485,77.78548736572266
31,94.3288153790413,94.3288153790413,77.28805084228516,94.40750980377197,94.40750980377197,77.62674465179444,92.67136001586914,92.67136001586914,77.68721904754639
32,94.2315470918696,94.2315470918696,77.11916932450964,94.23662509918213,94.23662509918213,76.90401248931884,92.29359378814698,92.29359378814698,76.61535930633545
33,94.15706650754238,94.15706650754238,77.03062513635514,93.91365432739258,93.91365432739258,76.17082195281982,92.3318359375,92.3318359375,76.38867931365967
34,93.9635452595163,93.9635452595163,76.84308698938248,93.84026527404785,93.84026527404785,77.06175918579102,92.33918743133545,92.33918743133545,77.30346794128418
35,93.89059643035239,93.89059643035239,76.72222861432014,93.88096828460694,93.88096828460694,77.13470611572265,92.2478422164917,92.2478422164917,76.89869575500488
36,93.76454149611453,93.76454149611453,76.57849598336728,93.56305084228515,93.56305084228515,76.4536787033081,91.63937206268311,91.63937206268311,76.28095283508301
37,93.67185980614195,93.67185980614195,76.43501677817487,93.72486381530761,93.72486381530761,76.91597366333008,91.9743227005005,91.9743227005005,76.86203651428222
38,93.56382452782164,93.56382452782164,76.27525193234708,93.68418941497802,93.68418941497802,76.26280689239502,91.88845958709717,91.88845958709717,76.17287998199463
39,93.52547165890958,93.52547165890958,76.24765543836229,93.61301250457764,93.61301250457764,76.67118549346924,91.58019924163818,91.58019924163818,76.31324739456177
40,93.42813743428981,93.42813743428981,76.1595368730261,93.53790245056152,93.53790245056152,76.33279514312744,91.56810302734375,91.56810302734375,76.12398891448974
41,93.34050062463639,93.34050062463639,76.0061662389877,93.14635829925537,93.14635829925537,75.87717351913452,91.68776893615723,91.68776893615723,76.36957130432128
42,93.21479089615192,93.21479089615192,75.86154850087267,93.27450656890869,93.27450656890869,76.29602718353271,91.53209075927734,91.53209075927734,76.21712265014648
43,93.20490232427069,93.20490232427069,75.96175309850814,93.37879123687745,93.37879123687745,75.92086257934571,91.70472526550293,91.70472526550293,75.98666362762451
44,93.11523655018908,93.11523655018908,75.72556032221368,93.2008098602295,93.2008098602295,75.70548458099366,91.59272537231445,91.59272537231445,75.66795806884765
45,93.06866503776388,93.06866503776388,75.61619171791888,93.41895694732666,93.41895694732666,76.11637477874756,91.20090961456299,91.20090961456299,75.61104316711426
46,92.96015771094788,92.96015771094788,75.48974245761303,93.45258255004883,93.45258255004883,75.99191761016846,91.17343654632569,91.17343654632569,75.5016897201538
47,92.89756469726562,92.89756469726562,75.54293858954247,92.99662017822266,92.99662017822266,75.4930591583252,91.45969276428222,91.45969276428222,75.7070291519165
48,92.84511799913771,92.84511799913771,75.33278990400598,93.02536506652832,93.02536506652832,75.39328784942627,91.25553932189942,91.25553932189942,75.35108966827393
49,92.81247240431766,92.81247240431766,75.3376397315492,93.19635314941407,93.19635314941407,75.89589462280273,91.22166442871094,91.22166442871094,75.57717380523681
50,92.71860906722698,92.71860906722698,75.13690643310547,92.88939094543457,92.88939094543457,75.59729518890381,91.31360549926758,91.31360549926758,75.78198051452637
51,92.64979020788314,92.64979020788314,75.13468994789935,93.08405704498291,93.08405704498291,75.80065460205078,91.06411457061768,91.06411457061768,75.37409629821778
52,92.63719446709815,92.63719446709815,75.05207078000332,92.74198932647705,92.74198932647705,75.39424953460693,91.15199165344238,91.15199165344238,75.47295589447022
53,92.50583366231716,92.50583366231716,74.93050144276721,93.01204414367676,93.01204414367676,75.53719959259033,91.52642364501953,91.52642364501953,75.61551666259766
54,92.4754015334109,92.4754015334109,74.92388542662276,92.71383285522461,92.71383285522461,75.14412899017334,91.14643650054931,91.14643650054931,75.28663120269775
55,92.45398718651305,92.45398718651305,74.85972553009682,92.60671710968018,92.60671710968018,75.38940372467042,90.85107555389405,90.85107555389405,75.50452880859375
56,92.3733007877431,92.3733007877431,74.79107146567486,92.65689716339111,92.65689716339111,74.96729984283448,91.00387821197509,91.00387821197509,74.96615200042724
57,92.32889427022731,92.32889427022731,74.73374786376954,92.510791015625,92.510791015625,74.91806507110596,90.83142719268798,90.83142719268798,75.0838436126709
58,92.30412772969997,92.30412772969997,74.71953631461935,92.47893466949463,92.47893466949463,74.95511970520019,90.86809062957764,90.86809062957764,75.03401145935058
59,92.28305417324634,92.28305417324634,74.68262075870595,92.31690502166748,92.31690502166748,74.67459392547607,91.06140327453613,91.06140327453613,75.05531558990478
60,92.19791077958777,92.19791077958777,74.53706746202835,92.48829765319825,92.48829765319825,74.98657894134521,90.70778579711914,90.70778579711914,74.95961380004883
61,92.13718891549618,92.13718891549618,74.45662390526304,92.506032371521,92.506032371521,74.72108993530273,90.60887813568115,90.60887813568115,74.64316082000732
62,92.13875547368475,92.13875547368475,74.46472710142744,92.20902423858642,92.20902423858642,74.67571811676025,90.98383026123047,90.98383026123047,75.18103713989258
63,92.10292358398438,92.10292358398438,74.43552528543675,92.555619430542,92.555619430542,75.08763160705567,90.57666397094727,90.57666397094727,74.87146949768066
64,92.06191604289603,92.06191604289603,74.33135031842171,92.38623104095458,92.38623104095458,74.27945346832276,90.758837890625,90.758837890625,74.4034875869751
65,92.0093772076546,92.0093772076546,74.38873437110414,92.32126903533936,92.32126903533936,74.38847179412842,90.675457572937,90.675457572937,74.45022792816162
66,91.94742350476854,91.94742350476854,74.19411238000748,92.24071865081787,92.24071865081787,75.01216945648193,90.50938091278076,90.50938091278076,74.94715194702148
67,91.96058544402428,91.96058544402428,74.13934309939121,92.29739246368408,92.29739246368408,74.93898029327393,90.30194053649902,90.30194053649902,74.60040912628173
68,91.92071913049575,91.92071913049575,74.20189936211769,92.2344217300415,92.2344217300415,74.72839164733887,90.74678382873535,90.74678382873535,74.77024173736572
69,91.91102583864902,91.91102583864902,74.2372930323824,91.923419380188,91.923419380188,74.25072364807129,90.13034210205078,90.13034210205078,74.14848308563232
70,91.85809102159865,91.85809102159865,74.14840217752659,92.12760772705079,92.12760772705079,74.80003433227539,90.55251827239991,90.55251827239991,74.90762996673584
71,91.80515055554979,91.80515055554979,74.00413961207613,91.98545131683349,91.98545131683349,74.59769248962402,90.28091888427734,90.28091888427734,74.56305332183838
72,91.78771086347864,91.78771086347864,73.96810403377452,92.01031246185303,92.01031246185303,74.49082355499267,90.57694625854492,90.57694625854492,74.6055112838745
73,91.68059179427776,91.68059179427776,73.96020803248629,92.0890230178833,92.0890230178833,74.45995655059815,90.43177661895751,90.43177661895751,74.4322078704834
74,91.70579048319065,91.70579048319065,73.89228353297457,91.98719520568848,91.98719520568848,74.2593198776245,90.45926532745361,90.45926532745361,74.42781143188476
75,91.69620406779838,91.69620406779838,73.90387813486952,92.36453647613526,92.36453647613526,74.68400268554687,90.4864128112793,90.4864128112793,74.50407962799072
76,91.65988146193484,91.65988146193484,73.87020413013215,92.26312980651855,92.26312980651855,74.67929439544677,90.60862731933594,90.60862731933594,74.81076622009277
77,91.59548063886926,91.59548063886926,73.81762364164312,91.86125946044922,91.86125946044922,74.52820415496826,90.22797508239746,90.22797508239746,74.50057449340821
78,91.61869354248047,91.61869354248047,73.82938089573636,91.99441413879394,91.99441413879394,74.46897354125977,90.18169746398925,90.18169746398925,74.21101589202881
79,91.58059844970703,91.58059844970703,73.81351983902302,91.80750427246093,91.80750427246093,74.54269294738769,90.31285133361817,90.31285133361817,74.57287559509277
80,91.54588278912483,91.54588278912483,73.75263951078374,92.1238473892212,92.1238473892212,73.9509672164917,90.20223731994629,90.20223731994629,73.78504581451416
81,91.46338923028175,91.46338923028175,73.66158801139669,91.99088821411132,91.99088821411132,74.32380237579346,90.29255104064941,90.29255104064941,74.16513710021972
82,91.52641903491731,91.52641903491731,73.69654547508726,91.71871223449708,91.71871223449708,73.8818712234497,89.71044063568115,89.71044063568115,73.62842483520508
83,91.48734062681807,91.48734062681807,73.67303203826255,92.28410835266114,92.28410835266114,74.66075954437255,89.94196739196778,89.94196739196778,74.22088165283203
84,91.49120752862159,91.49120752862159,73.65321577356217,91.95805568695069,91.95805568695069,74.27270011901855,90.08298168182372,90.08298168182372,74.18235073089599
85,91.37251586914063,91.37251586914063,73.56488494873047,91.79123821258545,91.79123821258545,74.3936882019043,90.03292636871338,90.03292636871338,74.3488245010376
86,91.37491873883187,91.37491873883187,73.58286645767537,91.80685062408448,91.80685062408448,73.86178321838379,90.05243320465088,90.05243320465088,73.92213001251221
87,91.32731638157621,91.32731638157621,73.46651085386885,91.58236198425293,91.58236198425293,73.63218421936035,90.10996322631836,90.10996322631836,73.63973007202148
88,91.31101116423912,91.31101116423912,73.52141019131275,91.63988628387452,91.63988628387452,73.91570682525635,90.18264865875244,90.18264865875244,74.24744815826416
89,91.31880308110664,91.31880308110664,73.45001428482381,91.69248447418212,91.69248447418212,74.01578845977784,90.26745147705078,90.26745147705078,74.16497745513917
90,91.2902993384828,91.2902993384828,73.45132546932139,91.79024200439453,91.79024200439453,74.0625509262085,90.21985950469971,90.21985950469971,74.05543518066406
91,91.33541181848405,91.33541181848405,73.5017209966132,91.71963844299316,91.71963844299316,74.2743013381958,90.00646629333497,90.00646629333497,74.23239727020264
92,91.17167786943152,91.17167786943152,73.29270087708818,91.88181495666504,91.88181495666504,74.17627849578858,90.1633373260498,90.1633373260498,74.01913185119629
93,91.22320598845786,91.22320598845786,73.3113341635846,91.78287372589111,91.78287372589111,73.94383583068847,90.1282127380371,90.1282127380371,74.11923465728759
94,91.22410768549493,91.22410768549493,73.3881659325133,91.47415008544922,91.47415008544922,73.64912662506103,89.38547954559326,89.38547954559326,73.3077582359314
95,91.15259415646817,91.15259415646817,73.22633566349111,91.7386459350586,91.7386459350586,74.197465133667,90.019384765625,90.019384765625,74.20624046325683
96,91.10554205711851,91.10554205711851,73.25068589880111,91.98697013854981,91.98697013854981,74.20376338958741,90.11886730194092,90.11886730194092,74.08464946746827
97,91.0920969861619,91.0920969861619,73.2235513240733,91.61079063415528,91.61079063415528,74.2324005126953,90.09563980102538,90.09563980102538,74.40806922912597
98,91.09008097547166,91.09008097547166,73.18441373135181,91.52139396667481,91.52139396667481,73.66363315582275,90.02168521881103,90.02168521881103,73.88133487701415
99,91.0166845768056,91.0166845768056,73.17040031920088,91.98759593963624,91.98759593963624,74.3965311050415,90.17767505645752,90.17767505645752,74.35691356658936
100,91.05076170576379,91.05076170576379,73.15818929469332,91.68940505981445,91.68940505981445,73.74657077789307,89.71327514648438,89.71327514648438,73.52417755126953
101,91.04629639970496,91.04629639970496,73.15620286008145,91.68195743560791,91.68195743560791,73.6422254562378,90.09496555328369,90.09496555328369,73.9639892578125
102,91.04203400307513,91.04203400307513,73.1447550672166,91.25794544219971,91.25794544219971,73.86000480651856,89.64163246154786,89.64163246154786,74.09759616851807
103,90.95718516897648,90.95718516897648,73.10520454569065,91.4884859085083,91.4884859085083,73.84681568145751,89.7166093826294,89.7166093826294,73.46215858459473
104,91.03768287821019,91.03768287821019,73.13299443671043,91.41626567840576,91.41626567840576,73.6494348526001,89.75704803466797,89.75704803466797,73.82722415924073
105,90.92292165553316,90.92292165553316,73.02419784221243,91.50386829376221,91.50386829376221,73.46346187591553,89.8888677597046,89.8888677597046,73.46622638702392
106,90.89456374797415,90.89456374797415,72.92631335968667,91.41972351074219,91.41972351074219,73.8774341583252,89.96942863464355,89.96942863464355,74.12984142303466
107,90.91673924872215,90.91673924872215,72.97213647720662,91.46528453826905,91.46528453826905,73.60579319000244,89.85066013336181,89.85066013336181,73.63725681304932
108,90.91608844513588,90.91608844513588,72.97387114179895,91.52164134979247,91.52164134979247,73.51622009277344,89.85505180358886,89.85505180358886,73.49290657043457
109,90.89136576551073,90.89136576551073,72.87715931344539,91.1542121887207,91.1542121887207,73.26480007171631,89.31807098388671,89.31807098388671,73.18659267425537
110,90.86527028185256,90.86527028185256,72.92887345983627,91.47609176635743,91.47609176635743,73.68191814422607,89.7702693939209,89.7702693939209,73.6961570739746
111,90.83128506274933,90.83128506274933,72.87491279764379,91.17124996185302,91.17124996185302,73.55164985656738,89.30587959289551,89.30587959289551,73.42352180480957
112,90.81047791825964,90.81047791825964,72.84607845874542,91.4822259902954,91.4822259902954,73.45735530853271,89.7243787765503,89.7243787765503,73.44705047607422
113,90.84315607598488,90.84315607598488,72.87162780761719,91.21580390930175,91.21580390930175,73.34083576202393,89.55189437866211,89.55189437866211,73.36461925506592
114,90.76131471674493,90.76131471674493,72.79118733507522,91.45172309875488,91.45172309875488,73.50972766876221,89.76680965423584,89.76680965423584,73.49075355529786
115,90.77386929126496,90.77386929126496,72.78967814344041,91.31309947967529,91.31309947967529,73.7142707824707,89.76303691864014,89.76303691864014,73.93112487792969
116,90.73061740956408,90.73061740956408,72.78288282029172,91.29025154113769,91.29025154113769,73.78121681213379,89.58784160614013,89.58784160614013,73.82836437225342
117,90.6877463807451,90.6877463807451,72.67973402307389,91.37872200012207,91.37872200012207,73.86185188293457,89.6180191040039,89.6180191040039,73.90980739593506
118,90.75510903216423,90.75510903216423,72.77964500264919,91.17783546447754,91.17783546447754,73.25313892364503,89.46753044128418,89.46753044128418,73.30365829467773
119,90.6953553220059,90.6953553220059,72.70680071242312,91.06494388580322,91.06494388580322,73.5603687286377,89.4392770767212,89.4392770767212,73.64437885284424
120,90.66672382760555,90.66672382760555,72.62401769110497,91.42572383880615,91.42572383880615,73.45493698120117,89.6349500656128,89.6349500656128,73.49473762512207
121,90.64997123555935,90.64997123555935,72.60494488655253,91.22515125274658,91.22515125274658,72.89010391235351,89.6226957321167,89.6226957321167,72.95526428222657
122,90.62423410618558,90.62423410618558,72.56811279946186,91.17278518676758,91.17278518676758,73.7844024658203,89.3700023651123,89.3700023651123,73.74427452087403
123,90.66101502763465,90.66101502763465,72.72918068094457,91.19185028076171,91.19185028076171,73.35466556549072,89.47077980041504,89.47077980041504,73.31761226654052
124,90.59953619774352,90.59953619774352,72.61167469430477,91.43566131591797,91.43566131591797,73.69444026947022,89.29713668823243,89.29713668823243,73.3084171295166
125,90.61832077351022,90.61832077351022,72.61914004062085,91.29926223754883,91.29926223754883,73.08581237792968,89.52946033477784,89.52946033477784,73.20444049835206
126,90.56639514679604,90.56639514679604,72.50486148266081,91.04591541290283,91.04591541290283,73.27545585632325,89.61558780670165,89.61558780670165,73.532395362854
127,90.57081042350606,90.57081042350606,72.59749203945728,91.19120712280274,91.19120712280274,73.56701030731202,89.17579803466796,89.17579803466796,73.22934665679932
128,90.5957151047727,90.5957151047727,72.59052101297581,91.08802909851075,91.08802909851075,73.58082942962646,89.20322933197022,89.20322933197022,73.14590454101562
129,90.53896912919714,90.53896912919714,72.5357339412608,91.2332202911377,91.2332202911377,73.26593055725098,89.49378509521485,89.49378509521485,73.27210884094238
130,90.53589412608045,90.53589412608045,72.50170353016955,91.30819206237793,91.30819206237793,73.40391654968262,89.21049671173095,89.21049671173095,73.10719032287598
131,90.496711601095,90.496711601095,72.43177762944647,91.23494319915771,91.23494319915771,73.03943424224853,89.2614149093628,89.2614149093628,72.80297622680663
132,90.51894437100025,90.51894437100025,72.50358152998254,91.01453075408935,91.01453075408935,73.42010536193848,89.24065532684327,89.24065532684327,73.20154838562011
133,90.51330394339054,90.51330394339054,72.5081531930477,90.77928428649902,90.77928428649902,72.80592479705811,89.559893989563,89.559893989563,73.32488422393799
134,90.44136349292512,90.44136349292512,72.3974733068588,91.0515697479248,91.0515697479248,73.68655929565429,89.44643020629883,89.44643020629883,73.67947540283203
135,90.45652404135846,90.45652404135846,72.3729657436939,91.1565170288086,91.1565170288086,73.48931522369385,89.28072929382324,89.28072929382324,73.3789234161377
136,90.4103850019739,90.4103850019739,72.34587684793675,90.6906566619873,90.6906566619873,72.84455451965331,89.39940776824952,89.39940776824952,73.15777587890625
137,90.48043582997424,90.48043582997424,72.45176031234416,90.6662841796875,90.6662841796875,72.78725500106812,89.2660566329956,89.2660566329956,73.04275531768799
138,90.37523836176446,90.37523836176446,72.27337406239612,91.18660068511963,91.18660068511963,73.72292060852051,89.69672203063965,89.69672203063965,73.86757850646973
139,90.41918818697016,90.41918818697016,72.3389430918592,91.10779857635498,91.10779857635498,73.1110122680664,89.42742366790772,89.42742366790772,73.04694805145263
140,90.37564684279421,90.37564684279421,72.35288111909907,91.0356674194336,91.0356674194336,73.03401374816895,89.14541778564453,89.14541778564453,72.89443721771241
141,90.40541985694398,90.40541985694398,72.27847841952709,91.32333736419677,91.32333736419677,73.117600440979,89.35040588378907,89.35040588378907,72.86881122589111
142,90.39592898754363,90.39592898754363,72.34271701244597,90.83102588653564,90.83102588653564,72.87713451385498,89.05172080993653,89.05172080993653,72.93816051483154
143,90.33289947509766,90.33289947509766,72.24155929240774,90.70439777374267,90.70439777374267,73.16598148345948,89.40329647064209,89.40329647064209,73.64020080566407
144,90.36870779483877,90.36870779483877,72.24475237257937,91.17009372711182,91.17009372711182,72.69694995880127,89.23388614654542,89.23388614654542,72.48252143859864
145,90.29509744847074,90.29509744847074,72.10648394645528,91.14655437469483,91.14655437469483,72.99605388641358,89.44169235229492,89.44169235229492,73.09400463104248
146,90.34842789020944,90.34842789020944,72.30810572847408,91.21898784637452,91.21898784637452,73.42200374603271,89.38638286590576,89.38638286590576,73.25802326202393
147,90.29988526689246,90.29988526689246,72.21178627825797,91.25039920806884,91.25039920806884,72.90541801452636,89.2019624710083,89.2019624710083,72.60493621826171
148,90.32785491943359,90.32785491943359,72.20656595433012,90.68159999847413,90.68159999847413,72.51230869293212,89.00531578063965,89.00531578063965,72.54510078430175
149,90.24850441141331,90.24850441141331,72.17485997626122,91.07272644042969,91.07272644042969,73.06647529602051,89.1674186706543,89.1674186706543,72.75603675842285
150,90.29558530766913,90.29558530766913,72.2412969061669,90.73639526367188,90.73639526367188,72.93810691833497,89.2640167236328,89.2640167236328,73.19009819030762
151,90.33629085459607,90.33629085459607,72.2414453384724,90.70891494750977,90.70891494750977,73.14403610229492,89.17226371765136,89.17226371765136,73.20413799285889
152,90.24620332109167,90.24620332109167,72.12724125638921,90.9541446685791,90.9541446685791,73.35007820129394,89.53482780456542,89.53482780456542,73.65719547271729
153,90.26658594659034,90.26658594659034,72.16915542927194,90.52372303009034,90.52372303009034,72.54966583251954,89.11565017700195,89.11565017700195,72.76716918945313
154,90.23811947437044,90.23811947437044,72.13742873820853,90.60846405029297,90.60846405029297,72.75405387878418,89.04932804107666,89.04932804107666,72.6662115097046
155,90.22423348934092,90.22423348934092,72.11015537343127,91.16689624786378,91.16689624786378,73.44409465789795,88.97733116149902,88.97733116149902,72.91808910369873
156,90.22679368688705,90.22679368688705,72.11073965519033,91.37940406799316,91.37940406799316,73.18039951324462,89.06493949890137,89.06493949890137,72.57179107666016
157,90.16662061975357,90.16662061975357,72.0689877773853,90.55692691802979,90.55692691802979,72.55195388793945,89.1698387145996,89.1698387145996,72.81442089080811
158,90.2103700029089,90.2103700029089,72.12864305212143,91.00513858795166,91.00513858795166,73.14465522766113,88.86601638793945,88.86601638793945,72.80010395050049
159,90.19110565185547,90.19110565185547,72.08534987429356,90.8352165222168,90.8352165222168,72.94416999816895,89.21770458221435,89.21770458221435,72.92037410736084
160,90.17046427625291,90.17046427625291,72.11929032346036,90.82462291717529,90.82462291717529,72.81181087493897,88.92721633911133,88.92721633911133,72.51914005279541
161,90.15330505371094,90.15330505371094,72.02864620127576,90.82021732330323,90.82021732330323,73.0181547164917,88.97375602722168,88.97375602722168,72.86352767944337
162,90.17058043784283,90.17058043784283,72.10127982281624,91.11614322662354,91.11614322662354,72.77404174804687,88.95231781005859,88.95231781005859,72.32838401794433
163,90.10355270061088,90.10355270061088,71.99829854762301,90.73074607849121,90.73074607849121,72.88111419677735,89.10589122772217,89.10589122772217,72.74331111907959
164,90.07455749511719,90.07455749511719,71.91652666457156,90.80284729003907,90.80284729003907,72.72024841308594,89.20706481933594,89.20706481933594,72.86701698303223
165,90.09308646993435,90.09308646993435,71.93381003521858,90.82146434783935,90.82146434783935,72.7389799118042,89.07776775360108,89.07776775360108,72.66793861389161
166,90.07375968770778,90.07375968770778,71.88756103515625,90.73477134704589,90.73477134704589,73.16802616119385,89.04955997467042,89.04955997467042,73.14546337127686
167,90.08356696595537,90.08356696595537,72.00139819206075,90.51241416931153,90.51241416931153,73.0241400718689,88.79311981201172,88.79311981201172,73.07534904479981
168,90.06330481995927,90.06330481995927,71.93436948086354,90.63513870239258,90.63513870239258,72.60568370819092,89.05925979614258,89.05925979614258,72.66830291748047
169,90.03371065829663,90.03371065829663,71.93035411428897,90.58828754425049,90.58828754425049,72.77944679260254,88.87790927886962,88.87790927886962,72.5630054473877
170,90.0620902203499,90.0620902203499,71.885152484001,90.49894866943359,90.49894866943359,72.56421403884887,89.26921501159669,89.26921501159669,73.02379360198975
171,90.08079538548246,90.08079538548246,71.88432523037525,90.37033233642578,90.37033233642578,72.05246810913086,89.42222385406494,89.42222385406494,72.81955547332764
172,90.03333711015418,90.03333711015418,71.88888838747714,90.75573081970215,90.75573081970215,72.79680099487305,89.09458103179932,89.09458103179932,72.78771629333497
173,90.04277197655212,90.04277197655212,71.8396646053233,90.68032855987549,90.68032855987549,72.78090610504151,88.9605842590332,88.9605842590332,72.71650981903076
174,90.10209860294424,90.10209860294424,71.92238071522814,90.56958541870117,90.56958541870117,72.56612453460693,89.07740345001221,89.07740345001221,72.70196113586425
175,90.00582544854346,90.00582544854346,71.82861087880237,90.73100776672364,90.73100776672364,72.95928287506104,88.7464189529419,88.7464189529419,72.61594944000244
176,89.95032809643035,89.95032809643035,71.83770001999875,90.70610675811767,90.70610675811767,72.65332202911377,88.94780941009522,88.94780941009522,72.70105152130127
177,89.97451554968002,89.97451554968002,71.83460784262799,90.59677772521972,90.59677772521972,72.88706035614014,88.93060398101807,88.93060398101807,72.85191440582275
178,90.01759718225357,90.01759718225357,71.89095338861993,90.62368831634521,90.62368831634521,72.66699962615967,88.45748138427734,88.45748138427734,72.26585178375244
179,89.97193265874336,89.97193265874336,71.87696727996178,90.82574195861817,90.82574195861817,73.21558628082275,89.06659622192383,89.06659622192383,72.99209709167481
180,89.95339160675698,89.95339160675698,71.76262911532787,90.68832836151122,90.68832836151122,73.00931816101074,88.75415706634521,88.75415706634521,72.7726697921753
181,89.97599808713223,89.97599808713223,71.83300609182804,90.94131355285644,90.94131355285644,72.76927757263184,89.08169841766357,89.08169841766357,72.6208143234253
182,89.96546091931931,89.96546091931931,71.87482858211436,90.65175151824951,90.65175151824951,72.26841278076172,89.08266754150391,89.08266754150391,72.40524253845214
183,89.92780255256815,89.92780255256815,71.73087434159949,90.72222938537598,90.72222938537598,72.7685173034668,89.03158950805664,89.03158950805664,72.72020320892334
184,89.95461000483087,89.95461000483087,71.74101156681142,90.46970844268799,90.46970844268799,72.63540096282959,88.91504077911377,88.91504077911377,72.59416561126709
185,89.86227222199136,89.86227222199136,71.67641767136594,90.71919174194336,90.71919174194336,72.64078483581542,88.73868770599366,88.73868770599366,72.3703691482544
186,89.92420728967545,89.92420728967545,71.8154864047436,90.33435192108155,90.33435192108155,72.1883978843689,89.09216423034668,89.09216423034668,72.8755018234253
187,89.87207615629156,89.87207615629156,71.65582463690575,90.58653335571289,90.58653335571289,72.2570930480957,89.1483892440796,89.1483892440796,72.52806758880615
188,89.95861507983918,89.95861507983918,71.73448327247132,90.73516578674317,90.73516578674317,72.93533287048339,88.84436950683593,88.84436950683593,72.8166893005371
189,89.95543930378366,89.95543930378366,71.75932062027302,90.3824197769165,90.3824197769165,72.25832939147949,88.91513786315917,88.91513786315917,72.42579345703125
190,89.85529307913274,89.85529307913274,71.66034049176156,90.38124561309814,90.38124561309814,72.14414615631104,89.04459266662597,89.04459266662597,72.65795936584473
191,89.89403118377037,89.89403118377037,71.70440420597157,90.62516384124756,90.62516384124756,72.40554428100586,89.09804649353028,89.09804649353028,72.4700325012207
192,89.95845771951878,89.95845771951878,71.80987785826338,90.6208948135376,90.6208948135376,72.56345252990722,89.15225048065186,89.15225048065186,72.55035419464112
193,89.88614005230843,89.88614005230843,71.62558697639628,90.70638160705566,90.70638160705566,73.15499172210693,89.205611038208,89.205611038208,73.13568229675293
194,89.83364790246841,89.83364790246841,71.66478303949884,90.28853931427003,90.28853931427003,72.1876838684082,88.75132427215576,88.75132427215576,72.35241718292237
195,89.87174331989694,89.87174331989694,71.58993747792346,90.2981149673462,90.2981149673462,72.28722267150879,88.64410247802735,88.64410247802735,72.09512195587158
196,89.80301166290933,89.80301166290933,71.61225537239237,90.41238460540771,90.41238460540771,72.87267532348633,88.90596885681153,88.90596885681153,73.13886051177978
197,89.82813986920296,89.82813986920296,71.67339633373504,90.5770071029663,90.5770071029663,72.47109432220459,88.78945426940918,88.78945426940918,72.28542461395264
198,89.84958168192112,89.84958168192112,71.61055641985953,90.45738677978515,90.45738677978515,72.26208610534668,89.30719394683838,89.30719394683838,72.70855560302735
199,89.8211245597677,89.8211245597677,71.58042833044173,90.67448921203614,90.67448921203614,73.06830520629883,89.19049320220947,89.19049320220947,73.15412864685058
200,89.81320495605469,89.81320495605469,71.61807062676613,90.61544456481934,90.61544456481934,72.6991008758545,88.88308467864991,88.88308467864991,72.6404317855835
201,89.81769691629613,89.81769691629613,71.51774395881816,90.6378713607788,90.6378713607788,72.68563690185547,88.96949272155761,88.96949272155761,72.82068042755127
202,89.79009347469248,89.79009347469248,71.54925637752451,90.37084312438965,90.37084312438965,72.56279983520508,88.91404590606689,88.91404590606689,72.39949588775634
203,89.72100515162691,89.72100515162691,71.44655443556765,90.65453262329102,90.65453262329102,72.5430040359497,88.87689552307128,88.87689552307128,72.51265697479248
204,89.7763555648479,89.7763555648479,71.52835407662899,90.71641521453857,90.71641521453857,72.61805534362793,88.70893325805665,88.70893325805665,72.37431640625
205,89.78853181879572,89.78853181879572,71.65272541451961,90.51529178619384,90.51529178619384,72.69131889343262,88.95121192932129,88.95121192932129,72.75188522338867
206,89.7994831491024,89.7994831491024,71.65672727544256,90.70360164642334,90.70360164642334,72.52165641784669,88.82613029479981,88.82613029479981,72.2875207901001
207,89.74889240670711,89.74889240670711,71.54967829927485,90.49376926422119,90.49376926422119,72.47513942718506,88.6697280883789,88.6697280883789,72.28324871063232
208,89.78802074675865,89.78802074675865,71.59302605162276,90.41161937713623,90.41161937713623,72.1990140914917,88.81637039184571,88.81637039184571,72.16892070770264
209,89.74996097645861,89.74996097645861,71.54593311066323,90.56854667663575,90.56854667663575,72.70590305328369,88.68654384613038,88.68654384613038,72.73547401428223
210,89.71661600965135,89.71661600965135,71.52430179677111,90.44246520996094,90.44246520996094,72.86466045379639,88.88877143859864,88.88877143859864,73.0047529220581
211,89.78360267801487,89.78360267801487,71.57491873883187,90.41102161407471,90.41102161407471,72.53934383392334,88.93444633483887,88.93444633483887,72.71669635772705
212,89.73074853775348,89.73074853775348,71.52698705145653,90.47464103698731,90.47464103698731,72.0190996170044,88.79687690734863,88.79687690734863,71.87112998962402
213,89.7456384861723,89.7456384861723,71.53018948169465,90.44515457153321,90.44515457153321,72.72985286712647,88.8625638961792,88.8625638961792,72.94767208099366
214,89.69526279530626,89.69526279530626,71.47253223175699,90.44116916656495,90.44116916656495,72.3431842803955,88.83622016906739,88.83622016906739,72.3344570159912
215,89.6759097160177,89.6759097160177,71.53165507215135,90.68231048583985,90.68231048583985,72.72015609741212,88.51417675018311,88.51417675018311,72.24319896697997
216,89.6886617132958,89.6886617132958,71.44841078088639,90.45196533203125,90.45196533203125,72.4783275604248,89.06308650970459,89.06308650970459,72.94069004058838
217,89.68404355962225,89.68404355962225,71.43208410384807,90.67796325683594,90.67796325683594,72.20851020812988,88.72660274505616,88.72660274505616,71.79205303192138
218,89.7128853980531,89.7128853980531,71.45141215222947,90.46934375762939,90.46934375762939,72.7524169921875,88.84682598114014,88.84682598114014,72.73189735412598
219,89.76312265599027,89.76312265599027,71.47858104299992,90.4183837890625,90.4183837890625,72.14397163391114,89.0467571258545,89.0467571258545,72.43485374450684
220,89.64825611520321,89.64825611520321,71.41372011874584,90.52707386016846,90.52707386016846,72.71501636505127,88.52693958282471,88.52693958282471,72.40085506439209
221,89.60911842508519,89.60911842508519,71.38120928825217,90.50897445678712,90.50897445678712,72.6622968673706,88.96665687561035,88.96665687561035,72.60287609100342
222,89.68375094799285,89.68375094799285,71.52814928420047,90.50634460449218,90.50634460449218,72.41121940612793,88.77722148895263,88.77722148895263,72.400799369812
223,89.66652114543508,89.66652114543508,71.41813292807721,90.38363075256348,90.38363075256348,72.42187480926513,88.58248100280761,88.58248100280761,72.20979595184326
224,89.71058511936918,89.71058511936918,71.47841037182097,90.51182022094727,90.51182022094727,72.58529739379883,88.82502593994141,88.82502593994141,72.56821575164795
225,89.61478005267205,89.61478005267205,71.41978009812375,90.12659378051758,90.12659378051758,72.3213571548462,88.54173107147217,88.54173107147217,72.33488025665284
226,89.58600343744806,89.58600343744806,71.32991368719873,90.12253646850586,90.12253646850586,72.74848003387451,88.44803771972656,88.44803771972656,72.6616111755371
227,89.6192206524788,89.6192206524788,71.32804971248545,90.68143558502197,90.68143558502197,72.30379714965821,88.69968910217285,88.69968910217285,72.12795696258544
228,89.62655542251912,89.62655542251912,71.30138079054812,90.49803485870362,90.49803485870362,72.34265174865723,88.6813268661499,88.6813268661499,72.20906600952148
229,89.60940181651014,89.60940181651014,71.31913997568982,90.38621520996094,90.38621520996094,72.11571102142334,88.68135662078858,88.68135662078858,72.25165557861328
230,89.65104801908453,89.65104801908453,71.4507414148209,90.35577850341797,90.35577850341797,72.07701148986817,88.81552085876464,88.81552085876464,72.17153644561768
231,89.64099263941988,89.64099263941988,71.37742669937458,90.12728481292724,90.12728481292724,71.87246246337891,88.45427303314209,88.45427303314209,71.71911754608155
232,89.6015252945271,89.6015252945271,71.3264566299763,90.32801952362061,90.32801952362061,72.20326366424561,88.53642406463624,88.53642406463624,72.13312091827393
233,89.60575808261304,89.60575808261304,71.39278557960023,90.4201503753662,90.4201503753662,72.64004287719726,88.64215354919433,88.64215354919433,72.50209312438965
234,89.62902147009018,89.62902147009018,71.43956386484999,90.30533390045166,90.30533390045166,72.50858650207519,88.43794040679931,88.43794040679931,72.3014289855957
235,89.57773804360248,89.57773804360248,71.24736610574925,90.29771842956544,90.29771842956544,72.62782344818115,88.60329532623291,88.60329532623291,72.61615180969238
236,89.57304366091465,89.57304366091465,71.29521526580162,90.30492477416992,90.30492477416992,72.07514686584473,88.65079498291016,88.65079498291016,72.10907936096191
237,89.58535065346575,89.58535065346575,71.3411373706574,90.49310779571533,90.49310779571533,72.86038265228271,88.52371730804444,88.52371730804444,72.55679435729981
238,89.55601819626828,89.55601819626828,71.2945087514025,90.08799571990967,90.08799571990967,72.27260932922363,88.90132350921631,88.90132350921631,72.79705657958985
239,89.57561083854513,89.57561083854513,71.37785917241523,90.5877779006958,90.5877779006958,72.83765964508056,88.8585651397705,88.8585651397705,72.78328437805176
240,89.5574199920005,89.5574199920005,71.26767724219789,90.21536712646484,90.21536712646484,72.60654029846191,89.03360252380371,89.03360252380371,73.12141551971436
241,89.5339280473425,89.5339280473425,71.34845986873546,90.33381614685058,90.33381614685058,72.25847816467285,88.66668853759765,88.66668853759765,72.14087181091308
242,89.55591696881234,89.55591696881234,71.31605386936918,90.71426982879639,90.71426982879639,72.38940410614013,88.98005466461181,88.98005466461181,72.34732170104981
243,89.54115142822266,89.54115142822266,71.34030469529172,90.3186809539795,90.3186809539795,72.32517204284667,88.68149642944336,88.68149642944336,72.29147911071777
244,89.5085118719872,89.5085118719872,71.25516808692446,90.24469318389893,90.24469318389893,72.25765972137451,88.67993545532227,88.67993545532227,72.47933216094971
245,89.50133293638838,89.50133293638838,71.33249255241232,90.18163013458252,90.18163013458252,72.33374614715576,88.55298328399658,88.55298328399658,72.53079624176026
246,89.54475195052775,89.54475195052775,71.25932672378865,90.42945194244385,90.42945194244385,72.25574264526367,88.71024665832519,88.71024665832519,72.09848213195801
247,89.46529167662275,89.46529167662275,71.13651577563996,90.47941741943359,90.47941741943359,72.25971431732178,88.56434116363525,88.56434116363525,71.92885894775391
248,89.49661456168965,89.49661456168965,71.28153072925325,90.31280517578125,90.31280517578125,72.39224395751953,88.87842922210693,88.87842922210693,72.52326316833496
249,89.47191136136968,89.47191136136968,71.2331985798288,90.51969661712647,90.51969661712647,72.33197917938233,88.6514720916748,88.6514720916748,72.08578491210938
250,89.50874594830452,89.50874594830452,71.29335875815534,90.43648891448974,90.43648891448974,72.25910797119141,88.6283405303955,88.6283405303955,72.10119609832763
251,89.42083019500083,89.42083019500083,71.18107588747715,90.34768753051758,90.34768753051758,71.99367485046386,88.71575565338135,88.71575565338135,72.09423885345458
252,89.49034050474775,89.49034050474775,71.25206519593584,90.26200141906739,90.26200141906739,72.41622638702393,88.83730449676514,88.83730449676514,72.60714015960693
253,89.49952256222988,89.49952256222988,71.28015795768576,90.32245407104492,90.32245407104492,72.68905410766601,88.51571159362793,88.51571159362793,72.69266605377197
254,89.57491403133311,89.57491403133311,71.35147016809341,90.1062204360962,90.1062204360962,71.84115333557129,88.21966667175293,88.21966667175293,71.7083984375
255,89.48029593609749,89.48029593609749,71.21398756960605,90.28181495666504,90.28181495666504,72.36591682434081,88.63285980224609,88.63285980224609,72.28181400299073
256,89.46619532159035,89.46619532159035,71.20071388406956,90.07475204467774,90.07475204467774,72.42948837280274,88.58511009216309,88.58511009216309,72.5137804031372
257,89.43998516975566,89.43998516975566,71.25704719056475,90.07947883605956,90.07947883605956,72.07653789520263,88.36620216369629,88.36620216369629,71.83183650970459
258,89.43959334353183,89.43959334353183,71.20621347630278,90.19925994873047,90.19925994873047,72.06460247039794,88.58192901611328,88.58192901611328,72.36894550323487
259,89.45549644307887,89.45549644307887,71.2085832311752,90.388112449646,90.388112449646,72.43355579376221,88.50319080352783,88.50319080352783,72.28321533203125
260,89.45549689759599,89.45549689759599,71.19239508446226,90.4759656906128,90.4759656906128,72.3991304397583,88.61546611785889,88.61546611785889,72.33493938446045
261,89.43824446657871,89.43824446657871,71.17360544407622,90.02774028778076,90.02774028778076,71.95848197937012,88.39239921569825,88.39239921569825,71.95139846801757
262,89.45416461051778,89.45416461051778,71.15836769266332,90.25503902435302,90.25503902435302,71.8789155960083,88.83700103759766,88.83700103759766,71.89756565093994
263,89.4406915218272,89.4406915218272,71.19418334960938,90.05453643798828,90.05453643798828,72.05264301300049,88.31896343231202,88.31896343231202,71.93591403961182
264,89.49162600902801,89.49162600902801,71.21333027291806,90.31712913513184,90.31712913513184,72.53325119018555,88.54716930389404,88.54716930389404,72.40798282623291
265,89.40128956246883,89.40128956246883,71.0894437100025,90.23059978485108,90.23059978485108,71.7371654510498,88.53046035766602,88.53046035766602,71.72845077514648
266,89.41407743413397,89.41407743413397,71.14864820115109,90.22541904449463,90.22541904449463,71.72247638702393,88.72681369781495,88.72681369781495,71.87764854431153
267,89.44274876371342,89.44274876371342,71.12043418072639,90.15152721405029,90.15152721405029,71.9489938735962,88.53984394073487,88.53984394073487,71.67839527130127
268,89.38695993626371,89.38695993626371,71.05761056453623,90.02268047332764,90.02268047332764,71.52394790649414,88.39739952087402,88.39739952087402,71.58460636138916
269,89.44223697743517,89.44223697743517,71.16433975544382,90.15711059570313,90.15711059570313,72.29165821075439,88.49870796203614,88.49870796203614,72.4315923690796
270,89.42566505594456,89.42566505594456,71.14588278912484,90.30858898162842,90.30858898162842,72.26013507843018,88.54567680358886,88.54567680358886,71.76397037506104
271,89.42857588098404,89.42857588098404,71.0949826828977,90.22017993927003,90.22017993927003,71.93749485015869,88.33798923492432,88.33798923492432,71.75488119125366
272,89.38873592944856,89.38873592944856,71.10027391149643,89.99221706390381,89.99221706390381,72.17056369781494,88.56676750183105,88.56676750183105,72.56246089935303
273,89.37590578769115,89.37590578769115,71.04360023660863,90.2094799041748,90.2094799041748,72.24549865722656,88.49884757995605,88.49884757995605,72.24245643615723
274,89.37096021936294,89.37096021936294,71.15715043088223,90.53511829376221,90.53511829376221,72.36297378540038,88.66664199829101,88.66664199829101,72.20958080291749
275,89.29339050942279,89.29339050942279,70.95230125264919,90.28335399627686,90.28335399627686,72.5199821472168,88.41815376281738,88.41815376281738,72.2636064529419
276,89.41335773873837,89.41335773873837,71.11293747272897,89.91128883361816,89.91128883361816,71.6009168624878,88.4555025100708,88.4555025100708,71.95617294311523
277,89.33807856782954,89.33807856782954,71.00054249864944,89.91745357513427,89.91745357513427,72.10142974853515,88.40215892791748,88.40215892791748,72.01077632904052
278,89.34588158790102,89.34588158790102,71.07894858502327,89.82888126373291,89.82888126373291,71.81433353424072,88.51583461761474,88.51583461761474,72.14905300140381
279,89.33542133087808,89.33542133087808,71.01006839833362,90.2046127319336,90.2046127319336,72.03173389434815,88.5633337020874,88.5633337020874,72.0483045578003
280,89.3742074844685,89.3742074844685,71.11294234255527,90.03065586090088,90.03065586090088,71.89831638336182,88.68178615570068,88.68178615570068,72.22038841247559
281,89.35907089558053,89.35907089558053,71.07139288719664,90.19780960083008,90.19780960083008,71.97011833190918,88.54747047424317,88.54747047424317,71.86426277160645
282,89.28233418566116,89.28233418566116,70.95429018710522,90.13893642425538,90.13893642425538,71.87167606353759,88.25862884521484,88.25862884521484,71.52957687377929
283,89.36571937723363,89.36571937723363,71.07272436263713,90.27871685028076,90.27871685028076,72.34745178222656,88.52217712402344,88.52217712402344,72.35074443817139
284,89.38006858014046,89.38006858014046,71.10881708023396,90.09477958679199,90.09477958679199,71.98198127746582,88.28791103363037,88.28791103363037,71.90001239776612
285,89.32191308204163,89.32191308204163,71.05260425324136,90.3894235610962,90.3894235610962,72.66534233093262,88.62488117218018,88.62488117218018,72.66367530822754
286,89.31681671142579,89.31681671142579,71.04628192008809,90.41445350646973,90.41445350646973,72.03246784210205,88.54976787567139,88.54976787567139,71.85375785827637
287,89.3204965469685,89.3204965469685,71.07838917184384,90.05304203033447,90.05304203033447,71.86316680908203,88.52440853118897,88.52440853118897,72.05067615509033
288,89.35144640334109,89.35144640334109,71.03471293347947,89.95012607574463,89.95012607574463,71.73113994598388,88.22031154632569,88.22031154632569,71.66156101226807
289,89.24606917360995,89.24606917360995,70.93248469575923,90.31648235321045,90.31648235321045,72.09418411254883,88.49910011291504,88.49910011291504,72.07620182037354
290,89.30998129337392,89.30998129337392,71.04644983169881,90.17428913116456,90.17428913116456,71.80649547576904,88.32652702331544,88.32652702331544,71.6168098449707
291,89.32370667153216,89.32370667153216,71.00229135066905,90.06487693786622,90.06487693786622,72.01137886047363,88.21975193023681,88.21975193023681,71.76846561431884
292,89.31922188616814,89.31922188616814,71.02999040319564,89.97016334533691,89.97016334533691,71.86497688293457,88.42757034301758,88.42757034301758,71.99016380310059
293,89.33475520357173,89.33475520357173,71.0550233232214,90.34052886962891,90.34052886962891,72.48626117706299,88.4167558670044,88.4167558670044,72.49658145904542
294,89.32571875389586,89.32571875389586,70.99895334446684,90.03470573425292,90.03470573425292,71.63872089385987,88.44253387451172,88.44253387451172,71.80769386291504
295,89.26484404218958,89.26484404218958,70.99466215093085,89.54216594696045,89.54216594696045,71.31177911758422,88.43367900848389,88.43367900848389,71.77163543701172
296,89.27472024471201,89.27472024471201,70.96044457618227,89.65228729248047,89.65228729248047,71.4489933013916,88.52412548065186,88.52412548065186,71.77614269256591
297,89.23428240836935,89.23428240836935,70.8539051461727,89.8432149887085,89.8432149887085,71.54517097473145,88.38253021240234,88.38253021240234,71.69425525665284
298,89.30532317465924,89.30532317465924,71.02080513162815,89.83798484802246,89.83798484802246,71.74646282196045,88.60395641326905,88.60395641326905,71.96508750915527
299,89.31053827164021,89.31053827164021,71.04769796817861,90.10549774169922,90.10549774169922,72.1735179901123,88.58553676605224,88.58553676605224,72.1287073135376
300,89.25480161626288,89.25480161626288,70.95718503911445,90.11239604949951,90.11239604949951,71.81306495666504,88.3001865386963,88.3001865386963,71.81551971435547
301,89.29699879098446,89.29699879098446,71.03258024175116,90.04319477081299,90.04319477081299,72.15190963745117,88.35851211547852,88.35851211547852,72.34897212982177
302,89.24419974469124,89.24419974469124,70.88959175272191,89.9275089263916,89.9275089263916,71.80470476150512,88.59463329315186,88.59463329315186,72.14433212280274
303,89.29433340519033,89.29433340519033,70.93708301300698,90.40126152038575,90.40126152038575,72.56830978393555,88.35395679473876,88.35395679473876,72.22507543563843
304,89.19505540563705,89.19505540563705,70.84701369265292,90.03092498779297,90.03092498779297,71.71551494598388,88.27772750854493,88.27772750854493,71.58745975494385
305,89.24883594918758,89.24883594918758,70.94593473393866,90.00196151733398,90.00196151733398,71.93107986450195,88.194535446167,88.194535446167,72.01277961730958
306,89.22220316136136,89.22220316136136,70.88907434991066,90.10033206939697,90.10033206939697,72.05430068969727,88.4561113357544,88.4561113357544,71.95552558898926
307,89.22344477227394,89.22344477227394,70.90144887071975,89.91692581176758,89.91692581176758,71.84397315979004,88.22536582946778,88.22536582946778,71.82250671386718
308,89.27493678965467,89.27493678965467,70.99991945307306,90.03996315002442,90.03996315002442,72.09689407348633,88.43550453186035,88.43550453186035,72.2035779953003
309,89.227045164717,89.227045164717,70.82276091879987,90.34085731506347,90.34085731506347,72.28181457519531,88.68948135375976,88.68948135375976,72.48582286834717
310,89.27976353422125,89.27976353422125,70.98498729949301,90.26303024291992,90.26303024291992,71.89497394561768,88.31084632873535,88.31084632873535,71.76841583251954
311,89.20597563398645,89.20597563398645,70.8556031896713,90.25823459625244,90.25823459625244,72.11311302185058,88.42048778533936,88.42048778533936,71.99836311340331
312,89.2014521172706,89.2014521172706,70.88052303233046,89.87874050140381,89.87874050140381,71.8632043838501,88.56844863891601,88.56844863891601,72.23285179138183
313,89.19707592903299,89.19707592903299,70.89678133700757,90.17294769287109,90.17294769287109,72.19798126220704,88.25416584014893,88.25416584014893,72.02862358093262
314,89.24283742701753,89.24283742701753,70.89564322613656,89.96512756347656,89.96512756347656,71.94083614349366,88.25417194366455,88.25417194366455,71.92679386138916
315,89.23677952543218,89.23677952543218,70.89198046745138,90.19601688385009,90.19601688385009,72.43679790496826,88.27977619171142,88.27977619171142,72.12472667694092
316,89.26499614309758,89.26499614309758,70.92934761859001,89.98075275421142,89.98075275421142,72.22555084228516,88.2927074432373,88.2927074432373,72.38491134643554
317,89.19854843464303,89.19854843464303,70.86618184840425,90.25654258728028,90.25654258728028,72.17922916412354,88.19977035522462,88.19977035522462,71.96110763549805
318,89.24617273858253,89.24617273858253,70.9098223097781,89.9579418182373,89.9579418182373,71.94693775177002,88.20228900909424,88.20228900909424,71.83344039916992
319,89.23956746852144,89.23956746852144,70.88894890318525,89.9938751220703,89.9938751220703,72.002925491333,88.82631282806396,88.82631282806396,72.64647541046142
320,89.1281700296605,89.1281700296605,70.79145783769323,89.86062984466552,89.86062984466552,71.77724914550781,88.0691801071167,88.0691801071167,71.31251201629638
321,89.11215187235081,89.11215187235081,70.74298017785904,89.92358055114747,89.92358055114747,71.508256149292,88.2561918258667,88.2561918258667,71.57445678710937
322,89.16715461243975,89.16715461243975,70.84352092337102,90.02728385925293,90.02728385925293,72.18609943389893,88.31116275787353,88.31116275787353,71.99595394134522
323,89.25628259537068,89.25628259537068,70.89933786595121,89.80680084228516,89.80680084228516,71.68088283538819,88.14194984436035,88.14194984436035,71.71883773803711
324,89.17731755033452,89.17731755033452,70.79161441884142,90.44331779479981,90.44331779479981,72.35847396850586,88.35922069549561,88.35922069549561,72.15130596160888
325,89.19198254524393,89.19198254524393,70.81271229196102,89.79512329101563,89.79512329101563,71.21019821166992,88.54381504058838,88.54381504058838,71.58717269897461
326,89.18038625514254,89.18038625514254,70.82206200132978,90.09081439971924,90.09081439971924,71.87197513580323,88.29922542572021,88.29922542572021,71.78571681976318
327,89.13357826395237,89.13357826395237,70.75023972531582,89.8662841796875,89.8662841796875,71.89331111907958,88.34700775146484,88.34700775146484,71.87794151306153
328,89.17845144068941,89.17845144068941,70.8228350050906,89.98615837097168,89.98615837097168,71.98705024719239,88.56857128143311,88.56857128143311,72.0390724182129
329,89.13186106580369,89.13186106580369,70.81570044984208,90.03870010375977,90.03870010375977,71.60954036712647,88.46789741516113,88.46789741516113,71.93853702545167
330,89.15379518549493,89.15379518549493,70.80287751542761,89.93080005645751,89.93080005645751,71.85679378509522,87.97675514221191,87.97675514221191,71.43950262069703
331,89.16356142733959,89.16356142733959,70.83263062822058,90.1680341720581,90.1680341720581,71.9595380783081,88.25815658569336,88.25815658569336,71.44281387329102
332,89.0962199434321,89.0962199434321,70.76584618751039,89.86744136810303,89.86744136810303,71.93122596740723,88.37584342956544,88.37584342956544,72.06806373596191
333,89.16147623265043,89.16147623265043,70.8492841355344,90.0263111114502,90.0263111114502,72.16396846771241,88.17162570953369,88.17162570953369,71.85842113494873
334,89.159850132719,89.159850132719,70.82172127581657,89.97891654968262,89.97891654968262,72.07299251556397,88.56741008758544,88.56741008758544,72.22224979400634
335,89.17341065102435,89.17341065102435,70.85010401948969,90.0972635269165,90.0972635269165,71.7038761138916,88.51872100830079,88.51872100830079,71.58372783660889
336,89.10544641373005,89.10544641373005,70.72436896790849,89.81192378997802,89.81192378997802,71.59656658172608,88.64175662994384,88.64175662994384,71.80372333526611
337,89.15013703691199,89.15013703691199,70.75513714729472,89.81118144989014,89.81118144989014,71.898761177063,88.20440292358398,88.20440292358398,71.85832386016845
338,89.08818726235248,89.08818726235248,70.80623425422831,89.76748561859131,89.76748561859131,71.54528703689576,88.43782215118408,88.43782215118408,72.12210941314697
339,89.11435582587059,89.11435582587059,70.80317019198803,90.17706470489502,90.17706470489502,72.19869422912598,88.36148891448974,88.36148891448974,71.85987071990967
340,89.0681832171501,89.0681832171501,70.6826772811565,89.7902910232544,89.7902910232544,71.88364467620849,88.20072269439697,88.20072269439697,71.84261322021484
341,89.11393039784532,89.11393039784532,70.75990581106632,90.27664546966552,90.27664546966552,72.17457809448243,88.0659854888916,88.0659854888916,71.74591255187988
342,89.14593239642204,89.14593239642204,70.79892182045795,90.17682609558105,90.17682609558105,72.0236873626709,88.04010639190673,88.04010639190673,71.7745454788208
343,89.14784886786278,89.14784886786278,70.85119567221784,89.61046237945557,89.61046237945557,72.01492586135865,88.08269786834717,88.08269786834717,72.06350002288818
344,89.08511323320104,89.08511323320104,70.72340347614694,90.22206172943115,90.22206172943115,71.87700462341309,88.25426082611084,88.25426082611084,71.577024269104
345,89.12248389061462,89.12248389061462,70.80520103941572,89.79153900146484,89.79153900146484,71.13377237319946,88.22814464569092,88.22814464569092,71.24464263916016
346,89.1215174248878,89.1215174248878,70.7804574844685,90.28781833648682,90.28781833648682,72.51375770568848,88.12069110870361,88.12069110870361,72.06921043395997
347,89.11873185178067,89.11873185178067,70.77329182726271,89.97683944702149,89.97683944702149,71.53757991790772,88.3438024520874,88.3438024520874,71.3859941482544
348,89.1264265019843,89.1264265019843,70.82374631191821,90.1564884185791,90.1564884185791,72.12271194458008,88.36719703674316,88.36719703674316,72.27419891357422
349,89.11294201790018,89.11294201790018,70.76461964059384,89.91769294738769,89.91769294738769,71.72432861328124,88.25607318878174,88.25607318878174,71.77609539031982
350,89.05790574094083,89.05790574094083,70.69448547363281,89.67356815338135,89.67356815338135,71.57221136093139,88.17207756042481,88.17207756042481,71.8987455368042
351,89.10200221284907,89.10200221284907,70.7725247971555,90.15675582885743,90.15675582885743,72.54572830200195,88.2159496307373,88.2159496307373,72.38507347106933
352,89.02652240509683,89.02652240509683,70.7370631765812,89.8277488708496,89.8277488708496,71.88291759490967,88.50647239685058,88.50647239685058,72.25263652801513
353,89.02798961882895,89.02798961882895,70.65835730370056,89.92520961761474,89.92520961761474,71.87953701019288,88.2680908203125,88.2680908203125,72.00755615234375
354,89.03702064676487,89.03702064676487,70.6378331935152,90.26078052520752,90.26078052520752,71.93125190734864,88.45112571716308,88.45112571716308,71.79919509887695
355,89.09902548282705,89.09902548282705,70.72927535036777,89.94910945892335,89.94910945892335,71.80864868164062,87.8751148223877,87.8751148223877,71.56329689025878
356,89.15150886697973,89.15150886697973,70.83782387591422,90.10109462738038,90.10109462738038,71.88224334716797,88.35110130310059,88.35110130310059,71.88091678619385
357,89.11146675272191,89.11146675272191,70.77811759786402,89.78906230926513,89.78906230926513,71.46165866851807,88.22108554840088,88.22108554840088,71.62779989242554
358,89.09668728442902,89.09668728442902,70.7217503324468,89.69810199737549,89.69810199737549,72.37839794158936,88.36055164337158,88.36055164337158,72.5440134048462
359,89.09302579189868,89.09302579189868,70.75087169890708,89.93126773834229,89.93126773834229,71.63312606811523,88.3213701248169,88.3213701248169,71.60073776245117
360,89.05614617530335,89.05614617530335,70.70712991268077,89.82532863616943,89.82532863616943,71.91702556610107,88.49014739990234,88.49014739990234,72.07300453186035
361,89.06355795353016,89.06355795353016,70.62330448881109,90.2225170135498,90.2225170135498,72.3809944152832,88.21136436462402,88.21136436462402,72.09305553436279
362,89.05135660374418,89.05135660374418,70.71291026663273,90.02852230072021,90.02852230072021,71.44927959442138,87.85220298767089,87.85220298767089,70.93164615631103
363,89.09997347567943,89.09997347567943,70.73920995834025,89.97164573669434,89.97164573669434,71.79230461120605,88.1264627456665,88.1264627456665,71.53530864715576
364,89.01792430471866,89.01792430471866,70.6338574673267,89.82004432678222,89.82004432678222,71.92344207763672,88.31508846282959,88.31508846282959,72.3101900100708
365,89.01192662665184,89.01192662665184,70.66799196283868,89.9307409286499,89.9307409286499,71.63588428497314,88.30575809478759,88.30575809478759,71.65699424743653
366,89.06366645326005,89.06366645326005,70.73336941333527,90.13772602081299,90.13772602081299,71.34219951629639,88.28745174407959,88.28745174407959,71.11876411437989
367,89.01148389451048,89.01148389451048,70.64406270777926,89.86786842346191,89.86786842346191,71.80989036560058,88.3223337173462,88.3223337173462,72.05831089019776
368,89.03523608268576,89.03523608268576,70.67027957997423,90.08829154968262,90.08829154968262,72.26631927490234,87.98944911956787,87.98944911956787,71.73552007675171
369,89.0481234936004,89.0481234936004,70.65451942606175,89.91509952545167,89.91509952545167,71.5738540649414,88.23628234863281,88.23628234863281,71.65409889221192
370,88.99113863681225,88.99113863681225,70.62198061029962,89.63925132751464,89.63925132751464,71.47963905334473,88.25525150299072,88.25525150299072,71.47592849731446
371,89.00758644266331,89.00758644266331,70.63218942195812,89.7427921295166,89.7427921295166,71.1497917175293,88.0233694076538,88.0233694076538,71.24153099060058
372,89.02306073777218,89.02306073777218,70.66359295134849,89.69880256652831,89.69880256652831,71.21845264434815,88.21191101074218,88.21191101074218,71.4231653213501
373,89.06530505241231,89.06530505241231,70.71229965534616,90.13851203918458,90.13851203918458,72.22402267456054,88.26055088043213,88.26055088043213,72.18477039337158
374,88.98717066988031,88.98717066988031,70.5739651943775,89.85650386810303,89.85650386810303,71.93444442749023,88.01436138153076,88.01436138153076,71.79058456420898
375,88.99181664649477,88.99181664649477,70.73161630833403,90.29505405426025,90.29505405426025,72.41103076934814,88.3667501449585,88.3667501449585,72.11756229400635
376,89.06052249340301,89.06052249340301,70.7335321304646,89.99861793518066,89.99861793518066,71.95657119750976,88.11779518127442,88.11779518127442,71.83285694122314
377,89.01740638245927,89.01740638245927,70.69068288600191,89.85605678558349,89.85605678558349,71.9256202697754,88.22319641113282,88.22319641113282,71.83376770019531
378,88.96120095760264,88.96120095760264,70.60796888635514,89.98643798828125,89.98643798828125,72.3405626296997,88.22087688446045,88.22087688446045,72.27611675262452
379,89.0222092973425,89.0222092973425,70.69960836856923,89.82548866271972,89.82548866271972,71.90522861480713,88.39583930969238,88.39583930969238,72.11515636444092
380,89.00612198849942,89.00612198849942,70.65480220064204,89.3974645614624,89.3974645614624,71.12621927261353,88.18075351715088,88.18075351715088,71.45341033935547
381,89.01640303591465,89.01640303591465,70.59224437957114,89.55213680267335,89.55213680267335,71.60122890472412,88.2083309173584,88.2083309173584,71.83307132720947
382,89.03734621088556,89.03734621088556,70.6437128594581,89.78682708740234,89.78682708740234,71.6099760055542,88.1552173614502,88.1552173614502,71.79033908843994
383,89.02456785161445,89.02456785161445,70.69644953950923,89.68768196105957,89.68768196105957,71.30545234680176,88.12538223266601,88.12538223266601,71.25317401885987
384,89.0293306715945,89.0293306715945,70.6965328460044,89.84802513122558,89.84802513122558,71.56171283721923,88.08408298492432,88.08408298492432,71.46120357513428
385,89.07621742410862,89.07621742410862,70.69406481803732,89.93553581237794,89.93553581237794,71.76113853454589,87.94621620178222,87.94621620178222,71.67476177215576
386,88.99273126480428,88.99273126480428,70.66799894292303,89.75107421875,89.75107421875,71.68807106018066,87.94288806915283,87.94288806915283,71.6059139251709
387,88.97738774076421,88.97738774076421,70.63683728157206,90.0296106338501,90.0296106338501,71.67477378845214,88.20681343078613,88.20681343078613,71.51151943206787
388,88.9407113907185,88.9407113907185,70.51042610330785,90.09820652008057,90.09820652008057,72.11089534759522,88.0752161026001,88.0752161026001,71.85078239440918
389,88.98989192881483,88.98989192881483,70.64488457213056,89.76809902191162,89.76809902191162,71.36761932373047,88.16941413879394,88.16941413879394,71.61982593536376
390,88.96996599562625,88.96996599562625,70.61917607733544,89.90823764801026,89.90823764801026,71.76401748657227,88.15964889526367,88.15964889526367,71.70794105529785
391,88.9526209080473,88.9526209080473,70.55714082109168,90.04832000732422,90.04832000732422,71.68904781341553,88.17553901672363,88.17553901672363,71.45486717224121
392,88.97728531208445,88.97728531208445,70.5898997205369,89.76634216308594,89.76634216308594,71.81433296203613,88.02545509338378,88.02545509338378,72.05626316070557
393,88.96801777291805,88.96801777291805,70.59482980281749,89.6233528137207,89.6233528137207,71.70699539184571,88.16372642517089,88.16372642517089,72.00349254608155
394,88.95757858601023,88.95757858601023,70.62131889830245,89.72111587524414,89.72111587524414,71.8114206314087,88.2562608718872,88.2562608718872,71.93832645416259
395,88.94965073605802,88.94965073605802,70.5220725201546,89.55672264099121,89.55672264099121,71.50075931549073,88.29365539550781,88.29365539550781,71.74652442932128
396,88.94592074130443,88.94592074130443,70.6316677012342,89.63775653839112,89.63775653839112,71.18082571029663,88.05136413574219,88.05136413574219,71.2809492111206
397,89.04437304557638,89.04437304557638,70.74235365847323,89.90815410614013,89.90815410614013,71.67552108764649,88.16512794494629,88.16512794494629,71.80776653289794
398,88.89955954044423,88.89955954044423,70.59500187001329,89.64562454223633,89.64562454223633,71.82177429199218,87.93461189270019,87.93461189270019,71.75260353088379
399,88.94892328140584,88.94892328140584,70.5791552604513,89.89596557617188,89.89596557617188,71.5525993347168,88.36669006347657,88.36669006347657,71.49593620300293
400,88.92792858367271,88.92792858367271,70.56417340217753,89.57649173736573,89.57649173736573,71.06739158630371,88.31269721984863,88.31269721984863,71.65542602539062
401,88.91987541685712,88.91987541685712,70.6059998857214,89.93346138000489,89.93346138000489,72.19413681030274,88.02713947296142,88.02713947296142,72.00130786895753
402,88.93146842794215,88.93146842794215,70.56518376127202,89.73600997924805,89.73600997924805,71.80021667480469,88.09274921417236,88.09274921417236,71.67504920959473
403,88.97220452491273,88.97220452491273,70.5828680484853,89.99126586914062,89.99126586914062,71.94620418548584,87.87303791046142,87.87303791046142,71.38794841766358
404,88.96738836410198,88.96738836410198,70.5541285738032,89.66265144348145,89.66265144348145,71.81296577453614,88.1768741607666,88.1768741607666,71.85365524291993
405,88.93797191863365,88.93797191863365,70.61745394442944,89.94932670593262,89.94932670593262,71.65321521759033,88.05346755981445,88.05346755981445,71.36749687194825
406,88.93796643196268,88.93796643196268,70.54136385004571,90.09322147369384,90.09322147369384,71.54241008758545,88.16069049835205,88.16069049835205,71.2350435256958
407,88.89455654063123,88.89455654063123,70.4707729907746,89.71453514099122,89.71453514099122,71.32149925231934,88.01083374023438,88.01083374023438,71.33877983093262
408,88.92165082566281,88.92165082566281,70.49740249958444,90.09405326843262,90.09405326843262,72.28288173675537,88.07431755065917,88.07431755065917,71.84929542541504
409,88.94774293290808,88.94774293290808,70.59818628189412,89.7959197998047,89.7959197998047,71.67299156188965,87.99772052764892,87.99772052764892,71.57442283630371
410,88.94352933193775,88.94352933193775,70.59930952356217,89.74919528961182,89.74919528961182,71.60158405303955,88.23683967590333,88.23683967590333,71.77060985565186
411,88.90257798864486,88.90257798864486,70.5272674885202,90.07682094573974,90.07682094573974,72.05769138336181,88.31417865753174,88.31417865753174,72.11989479064941
412,88.93359287343127,88.93359287343127,70.62807659392661,89.68752841949463,89.68752841949463,71.45011558532715,88.31228408813476,88.31228408813476,71.94259147644043
413,88.93820622220953,88.93820622220953,70.5561346500478,89.75046463012696,89.75046463012696,71.84767665863038,88.26276988983155,88.26276988983155,72.12977848052978
414,88.93285668555727,88.93285668555727,70.55195036543176,89.69161834716797,89.69161834716797,71.79128227233886,87.87153663635254,87.87153663635254,71.75430088043213
415,88.88087534803026,88.88087534803026,70.50063106455701,89.51393413543701,89.51393413543701,70.98441925048829,88.29132442474365,88.29132442474365,71.34755325317383
416,88.88914509225398,88.88914509225398,70.57573320104721,90.06727752685546,90.06727752685546,71.71078472137451,88.28114795684814,88.28114795684814,71.43477115631103
417,88.87513512144697,88.87513512144697,70.55862952699053,89.74916591644288,89.74916591644288,71.75797882080079,88.28043956756592,88.28043956756592,71.81534423828126
418,88.91494147118102,88.91494147118102,70.6457542257106,89.89210395812988,89.89210395812988,71.72061958312989,87.96131401062011,87.96131401062011,71.52438392639161
419,88.94946542293468,88.94946542293468,70.56206411808095,89.79347591400146,89.79347591400146,71.56421928405761,88.17150077819824,88.17150077819824,71.64880962371826
420,88.82466450143367,88.82466450143367,70.44254257526804,89.72862167358399,89.72862167358399,71.55923767089844,88.04226474761963,88.04226474761963,71.45348320007324
421,88.90150136744722,88.90150136744722,70.55189838815242,89.54990081787109,89.54990081787109,71.26972103118896,88.2230354309082,88.2230354309082,71.48417110443116
422,88.90741229767495,88.90741229767495,70.47268757921584,89.84282207489014,89.84282207489014,72.59859600067139,87.90633983612061,87.90633983612061,72.45548248291016
423,88.91778298235954,88.91778298235954,70.57600058697639,89.66282539367675,89.66282539367675,71.69384460449218,87.98415431976318,87.98415431976318,71.7749412536621
424,88.89148540091007,88.89148540091007,70.51958475315824,89.79919967651367,89.79919967651367,71.56826648712158,88.15364990234374,88.15364990234374,71.56534347534179
425,88.87469573325299,88.87469573325299,70.53977959815492,89.63549308776855,89.63549308776855,71.71206741333008,87.9065637588501,87.9065637588501,71.52804794311524
426,88.90786928217462,88.90786928217462,70.58702142593708,89.8671106338501,89.8671106338501,71.57230281829834,88.1844217300415,88.1844217300415,71.60765628814697
427,88.90328456797498,88.90328456797498,70.53411605510306,89.48129959106446,89.48129959106446,71.62752895355224,87.66988620758056,87.66988620758056,71.25137529373168
428,88.86477307258768,88.86477307258768,70.50443111987825,89.79631118774414,89.79631118774414,71.57190952301025,87.78609294891358,87.78609294891358,71.22677154541016
429,88.8695590404754,88.8695590404754,70.55017174254073,89.80560073852538,89.80560073852538,71.48840560913087,88.27557411193848,88.27557411193848,71.5460298538208
430,88.89197348736703,88.89197348736703,70.50276080192404,89.79643363952637,89.79643363952637,71.10959758758545,88.08448734283448,88.08448734283448,71.00057048797608
431,88.80841324177194,88.80841324177194,70.42229198699302,89.49953403472901,89.49953403472901,71.61890869140625,87.98866939544678,87.98866939544678,71.8588981628418
432,88.83827319855385,88.83827319855385,70.54478217591631,89.66974029541015,89.66974029541015,71.51347541809082,88.3103551864624,88.3103551864624,71.68079662322998
433,88.82144320873503,88.82144320873503,70.38353342908493,89.74503841400147,89.74503841400147,71.71621856689453,88.12620029449462,88.12620029449462,71.6080358505249
434,88.83548733325715,88.83548733325715,70.48071357240069,89.52451267242432,89.52451267242432,71.5744197845459,87.88473873138427,87.88473873138427,71.55545387268066
435,88.86470619363988,88.86470619363988,70.42123406592836,89.84249153137208,89.84249153137208,72.01354331970215,87.76416893005371,87.76416893005371,71.6045639038086
436,88.80372418342753,88.80372418342753,70.42189405725357,89.64528770446778,89.64528770446778,71.02862739562988,88.14531230926514,88.14531230926514,71.00455474853516
437,88.8523779361806,88.8523779361806,70.45112937764918,89.60813236236572,89.60813236236572,71.01470947265625,88.07882652282714,88.07882652282714,71.24116153717041
438,88.82893774154338,88.82893774154338,70.4048929417387,89.65151233673096,89.65151233673096,71.80911540985107,87.75342407226563,87.75342407226563,71.41097145080566
439,88.81297308739195,88.81297308739195,70.43935952693857,90.09131813049316,90.09131813049316,71.85943813323975,88.19942264556884,88.19942264556884,71.49334506988525
440,88.88407443432098,88.88407443432098,70.44494135430519,89.89998207092285,89.89998207092285,71.54289684295654,88.06466674804688,88.06466674804688,71.33973960876465
441,88.8112984190596,88.8112984190596,70.39643652084025,89.73340740203858,89.73340740203858,71.94039173126221,88.03590183258056,88.03590183258056,71.99076862335205
442,88.85146688907705,88.85146688907705,70.48268260549992,89.89005298614502,89.89005298614502,71.89598178863525,87.99859409332275,87.99859409332275,71.727490234375
443,88.86408873213098,88.86408873213098,70.44677575294007,89.611208152771,89.611208152771,71.96556129455567,88.23447151184082,88.23447151184082,72.3846061706543
444,88.8441263401762,88.8441263401762,70.50708319481383,89.61540336608887,89.61540336608887,71.56155567169189,88.12228260040283,88.12228260040283,71.66388244628907
445,88.80370882724193,88.80370882724193,70.38592142957322,89.75066108703614,89.75066108703614,71.9819730758667,88.02077178955078,88.02077178955078,71.81435699462891
446,88.865906735684,88.865906735684,70.48154793597283,89.57642650604248,89.57642650604248,71.7260814666748,87.90870323181153,87.90870323181153,71.81940574645996
447,88.78865564224567,88.78865564224567,70.36508246888506,89.36545295715332,89.36545295715332,71.09206504821778,88.0366693496704,88.0366693496704,71.4077262878418
448,88.77880401611328,88.77880401611328,70.35489664280668,89.73403606414794,89.73403606414794,71.860431098938,88.07658138275147,88.07658138275147,71.90961456298828
449,88.82259476032662,88.82259476032662,70.44825442699675,89.84300098419189,89.84300098419189,71.65966854095458,88.07257041931152,88.07257041931152,71.65167865753173
450,88.8365669737471,88.8365669737471,70.54877351801446,89.8760929107666,89.8760929107666,71.90585765838622,87.95590591430664,87.95590591430664,71.6708501815796
451,88.78921888635513,88.78921888635513,70.36496666441572,89.66343631744385,89.66343631744385,71.4831060409546,88.0716381072998,88.0716381072998,71.60540657043457
452,88.84684480707696,88.84684480707696,70.4381220066801,89.77076835632325,89.77076835632325,71.51577987670899,88.10583152770997,88.10583152770997,71.43815250396729
453,88.82058297015251,88.82058297015251,70.41061268258602,89.75740356445313,89.75740356445313,71.83588275909423,88.14288101196288,88.14288101196288,72.00916862487793
454,88.83280266295088,88.83280266295088,70.46235432726272,89.82509517669678,89.82509517669678,71.79207000732421,88.0592830657959,88.0592830657959,71.659592628479
455,88.84174632620304,88.84174632620304,70.49739311705244,89.70471668243408,89.70471668243408,71.11774368286133,88.2148790359497,88.2148790359497,71.51911544799805
456,88.8037161644469,88.8037161644469,70.41717535789977,89.60480976104736,89.60480976104736,71.74716835021972,88.00005359649658,88.00005359649658,71.83432121276856
457,88.80808248316988,88.80808248316988,70.34460205727436,89.58572463989258,89.58572463989258,71.20095100402833,87.86030998229981,87.86030998229981,71.1172721862793
458,88.83237983216631,88.83237983216631,70.50288167101272,89.52997417449951,89.52997417449951,71.3409935951233,88.02230186462403,88.02230186462403,71.42989349365234
459,88.7319542418135,88.7319542418135,70.44273217383851,89.66703777313232,89.66703777313232,71.33483371734619,88.30550899505616,88.30550899505616,71.76290760040283
460,88.79153338493185,88.79153338493185,70.47519515017245,89.7213035583496,89.7213035583496,71.51354293823242,88.07320003509521,88.07320003509521,71.55898017883301
461,88.81519385804522,88.81519385804522,70.45243984790558,89.70651016235351,89.70651016235351,71.34431686401368,87.9963191986084,87.9963191986084,71.37148246765136
462,88.79108493886095,88.79108493886095,70.33288616423911,89.76660976409912,89.76660976409912,71.32977962493896,87.78739547729492,87.78739547729492,71.00922842025757
463,88.81766273011553,88.81766273011553,70.37513323844748,89.45031051635742,89.45031051635742,71.47115917205811,87.91337413787842,87.91337413787842,71.48373908996582
464,88.76161193847656,88.76161193847656,70.33223523079081,89.50297451019287,89.50297451019287,71.48745861053467,88.03308429718018,88.03308429718018,71.68966922760009
465,88.80146399964677,88.80146399964677,70.43315445920254,89.4552791595459,89.4552791595459,71.18372230529785,88.21680221557617,88.21680221557617,71.50436058044434
466,88.75485921007521,88.75485921007521,70.39848392567735,89.52166347503662,89.52166347503662,71.06147499084473,88.07721996307373,88.07721996307373,71.07630405426025
467,88.77074984286693,88.77074984286693,70.34434859904837,89.8464973449707,89.8464973449707,71.66088943481445,87.79240760803222,87.79240760803222,71.58682422637939
468,88.76062761672,88.76062761672,70.38935537135347,89.75478839874268,89.75478839874268,72.22968521118165,87.96771183013917,87.96771183013917,72.12102756500244
469,88.81789057305518,88.81789057305518,70.50095442102311,89.66914291381836,89.66914291381836,71.29504928588867,88.00876445770264,88.00876445770264,71.3637285232544
470,88.75646751890791,88.75646751890791,70.37394873436462,89.62983417510986,89.62983417510986,71.46916751861572,88.09526557922364,88.09526557922364,71.73129825592041
471,88.8304116756358,88.8304116756358,70.42571180627701,89.64331703186035,89.64331703186035,71.60317134857178,88.0594274520874,88.0594274520874,71.84220752716064
472,88.82810380002286,88.82810380002286,70.45206701400433,89.79955139160157,89.79955139160157,71.23596496582032,88.05353984832763,88.05353984832763,71.14194889068604
473,88.78749951301737,88.78749951301737,70.44982215394366,89.62635879516601,89.62635879516601,71.60928459167481,88.24487018585205,88.24487018585205,71.91089992523193
474,88.81178332389669,88.81178332389669,70.4245601572889,89.62671413421631,89.62671413421631,71.79226131439209,88.25340175628662,88.25340175628662,72.01788291931152
475,88.74517773567362,88.74517773567362,70.36210210272607,89.7383975982666,89.7383975982666,71.31621170043945,88.07810497283936,88.07810497283936,71.41389141082763
476,88.79252195967004,88.79252195967004,70.38708466874792,89.61633071899413,89.61633071899413,71.40893096923828,88.11547889709473,88.11547889709473,71.67936630249024
477,88.78111036584733,88.78111036584733,70.40721166083154,89.80270843505859,89.80270843505859,71.83229560852051,88.05176734924316,88.05176734924316,71.71832866668701
478,88.75513230993393,88.75513230993393,70.39882724843126,89.60807018280029,89.60807018280029,71.72214565277099,88.32107219696044,88.32107219696044,72.0941375732422
479,88.7727486468376,88.7727486468376,70.37778774829621,90.17981414794922,90.17981414794922,72.30496158599854,88.09217052459717,88.09217052459717,71.98359260559081
480,88.79328093833112,88.79328093833112,70.50396433079496,89.47184410095215,89.47184410095215,71.50181369781494,88.0489149093628,88.0489149093628,71.83231925964355
481,88.77533618034201,88.77533618034201,70.39648969934342,89.25402164459229,89.25402164459229,71.26979846954346,87.94788150787353,87.94788150787353,71.59389762878418
482,88.75308759973404,88.75308759973404,70.34852729959691,89.59186725616455,89.59186725616455,72.08638343811035,88.03433303833008,88.03433303833008,72.1612174987793
483,88.69978524066032,88.69978524066032,70.34836149824426,89.90539245605468,89.90539245605468,71.79501228332519,88.14835224151611,88.14835224151611,71.83879776000977
484,88.76594446060506,88.76594446060506,70.44180862751413,89.61488208770751,89.61488208770751,71.74972267150879,88.13495025634765,88.13495025634765,71.89204139709473
485,88.74267078156167,88.74267078156167,70.37769902006109,89.60575485229492,89.60575485229492,70.90319061279297,88.1231803894043,88.1231803894043,71.12787761688233
486,88.72677229211685,88.72677229211685,70.30399559507978,89.51269664764405,89.51269664764405,71.74836292266846,88.35132598876953,88.35132598876953,72.1227035522461
487,88.71337539997506,88.71337539997506,70.32257414472863,89.66302032470703,89.66302032470703,71.89255294799804,88.18101348876954,88.18101348876954,72.0034746170044
488,88.74315295929604,88.74315295929604,70.34573438928483,89.81740608215333,89.81740608215333,71.8603105545044,87.87202625274658,87.87202625274658,71.4824047088623
489,88.73514797129529,88.73514797129529,70.3142172630797,89.48610000610351,89.48610000610351,71.19505729675294,87.79963874816895,87.79963874816895,71.25636539459228
490,88.74708550635805,88.74708550635805,70.43754334145405,89.37502040863038,89.37502040863038,71.39654808044433,88.01286220550537,88.01286220550537,71.42594127655029
491,88.71180978328624,88.71180978328624,70.35872640406832,89.43869876861572,89.43869876861572,71.10773086547852,88.0739200592041,88.0739200592041,71.46490287780762
492,88.72997929999168,88.72997929999168,70.3318198021422,89.63643550872803,89.63643550872803,71.85715293884277,87.84493522644043,87.84493522644043,71.8719711303711
493,88.75485998924742,88.75485998924742,70.35887483637384,89.89515933990478,89.89515933990478,72.03979148864747,88.39911155700683,88.39911155700683,72.34097328186036
494,88.67500607105012,88.67500607105012,70.28897110959316,89.29995212554931,89.29995212554931,70.6781801223755,87.74784889221192,87.74784889221192,70.72090864181519
495,88.68263527078831,88.68263527078831,70.26568032122672,89.65049724578857,89.65049724578857,71.5068962097168,88.19056015014648,88.19056015014648,71.82646942138672
496,88.7419519952003,88.7419519952003,70.33594785649726,89.88107643127441,89.88107643127441,71.8912540435791,87.5579849243164,87.5579849243164,71.34599075317382
497,88.77260959706408,88.77260959706408,70.36209694071019,89.68981132507324,89.68981132507324,71.58588027954102,87.92744064331055,87.92744064331055,71.59495582580567
498,88.75972208875291,88.75972208875291,70.37860568432097,89.62658252716065,89.62658252716065,71.70178775787353,87.90546646118165,87.90546646118165,71.47614631652831
499,88.72479952548413,88.72479952548413,70.30194770326005,89.61053256988525,89.61053256988525,71.8806697845459,87.90805130004883,87.90805130004883,71.96984272003174
